{"val_loss":0.5648775018107699,"gradients/lstm.weight_ih_l0":{"values":[1,0,0,0,0,0,0,0,0,0,0,0,0,1,0,0,1,1,2,1,3,0,7,3,5,12,16,13,29,20,27,14,14,8,5,4,1,3,1,2,1,1,1,0,0,0,0,1,0,0,0,0,0,1,0,0,0,0,0,0,0,0,0,1],"bins":[-0.15291032195091248,-0.1476029008626938,-0.1422954946756363,-0.1369880735874176,-0.1316806674003601,-0.12637324631214142,-0.12106583267450333,-0.11575841903686523,-0.11045100539922714,-0.10514359176158905,-0.09983617812395096,-0.09452876448631287,-0.08922134339809418,-0.08391392976045609,-0.078606516122818,-0.0732991024851799,-0.06799168884754181,-0.06268427520990372,-0.057376861572265625,-0.05206944793462753,-0.04676203429698944,-0.04145461320877075,-0.03614719957113266,-0.030839785933494568,-0.02553236484527588,-0.020224958658218384,-0.014917537569999695,-0.0096101313829422,-0.004302710294723511,0.0010046958923339844,0.006312116980552673,0.011619523167610168,0.01692695915699005,0.02223438024520874,0.027541786432266235,0.032849207520484924,0.03815661370754242,0.04346403479576111,0.048771440982818604,0.05407886207103729,0.05938626825809479,0.06469368934631348,0.07000110298395157,0.07530851662158966,0.08061593770980835,0.08592335134744644,0.09123076498508453,0.09653817862272263,0.10184559226036072,0.10715300589799881,0.1124604195356369,0.117767833173275,0.12307524681091309,0.12838266789913177,0.13369008898735046,0.13899749517440796,0.14430490136146545,0.14961232244968414,0.15491974353790283,0.16022714972496033,0.16553457081317902,0.1708419770002365,0.1761493980884552,0.1814568042755127,0.18676422536373138],"_type":"histogram"},"gradients/linear.bias":{"_type":"histogram","values":[1],"bins":[1.3798999786376953,1.3798999786376953]},"gradients/lstm.bias_ih_l0":{"_type":"histogram","values":[1,0,0,0,0,0,0,0,0,0,0,0,0,0,0,0,0,0,0,0,0,0,0,1,0,0,0,0,1,0,0,0,2,1,2,3,4,8,17,41,62,36,5,3,2,1,2,0,1,1,0,0,0,0,0,3,0,0,0,1,1,0,0,1],"bins":[-0.710640549659729,-0.6928533315658569,-0.6750661134719849,-0.6572788953781128,-0.6394916772842407,-0.6217044591903687,-0.6039172410964966,-0.5861300230026245,-0.5683428049087524,-0.5505555868148804,-0.5327683687210083,-0.5149811506271362,-0.49719393253326416,-0.4794067144393921,-0.46161949634552,-0.44383227825164795,-0.4260450601577759,-0.4082578420639038,-0.39047062397003174,-0.37268340587615967,-0.3548961877822876,-0.3371089696884155,-0.31932175159454346,-0.3015345335006714,-0.2837473154067993,-0.26596009731292725,-0.24817287921905518,-0.2303856611251831,-0.21259844303131104,-0.19481122493743896,-0.1770240068435669,-0.15923678874969482,-0.14144951105117798,-0.12366229295730591,-0.10587507486343384,-0.08808785676956177,-0.0703006386756897,-0.05251342058181763,-0.03472620248794556,-0.016938984394073486,0.000848233699798584,0.018635451793670654,0.036422669887542725,0.054209887981414795,0.07199710607528687,0.08978432416915894,0.107571542263031,0.12535876035690308,0.14314597845077515,0.16093319654464722,0.1787204146385193,0.19650763273239136,0.21429485082626343,0.2320820689201355,0.24986928701400757,0.26765650510787964,0.2854437232017517,0.3032309412956238,0.32101815938949585,0.3388053774833679,0.35659259557724,0.37437981367111206,0.39216703176498413,0.4099542498588562,0.42774146795272827]},"_step":14,"_wandb":{"runtime":26},"gradients/linear.weight":{"_type":"histogram","values":[1,1,0,0,0,0,0,0,0,0,0,1,0,1,0,0,1,3,2,1,0,1,2,0,1,1,1,2,1,2,2,0,1,3,1,0,1,4,1,1,0,3,1,0,0,0,0,0,2,1,1,2,0,0,0,1,1,0,1,0,0,0,0,1],"bins":[-1.1056456565856934,-1.0713646411895752,-1.0370835065841675,-1.0028024911880493,-0.9685214161872864,-0.9342403411865234,-0.8999592661857605,-0.8656781911849976,-0.8313971757888794,-0.7971160411834717,-0.7628350257873535,-0.7285539507865906,-0.6942728757858276,-0.6599918603897095,-0.6257107257843018,-0.5914297103881836,-0.5571486353874207,-0.5228675603866577,-0.4885864853858948,-0.4543054699897766,-0.42002439498901367,-0.38574331998825073,-0.3514622449874878,-0.31718116998672485,-0.2829000949859619,-0.24861907958984375,-0.2143380045890808,-0.18005692958831787,-0.14577585458755493,-0.11149477958679199,-0.07721376419067383,-0.04293262958526611,-0.00865161418914795,0.025629401206970215,0.05991053581237793,0.0941915512084961,0.12847262620925903,0.16275370121002197,0.1970347762107849,0.23131585121154785,0.265596866607666,0.29987794160842896,0.3341590166091919,0.36844009160995483,0.4027211666107178,0.4370022416114807,0.4712832570075989,0.5055643320083618,0.5398454070091248,0.5741264820098877,0.6084074974060059,0.6426886320114136,0.6769696474075317,0.7112507224082947,0.7455317974090576,0.7798128128051758,0.8140939474105835,0.8483749628067017,0.8826560378074646,0.9169371128082275,0.9512181878089905,0.9854992628097534,1.0197802782058716,1.0540614128112793,1.0883424282073975]},"epoch":14,"gradients/lstm.weight_hh_l0":{"values":[1,0,0,0,0,0,0,0,2,1,1,1,1,0,2,4,3,3,9,0,7,7,6,12,16,28,18,34,54,82,183,496,2239,5023,1090,301,124,64,37,33,27,14,17,14,12,8,4,9,0,1,3,1,0,0,1,0,2,0,2,1,0,0,1,1],"bins":[-0.22029933333396912,-0.2136806696653366,-0.2070620059967041,-0.2004433423280716,-0.1938246786594391,-0.18720601499080658,-0.18058735132217407,-0.17396868765354156,-0.16735002398490906,-0.16073136031627655,-0.15411269664764404,-0.14749403297901154,-0.14087536931037903,-0.13425670564174652,-0.127638041973114,-0.1210193783044815,-0.114400714635849,-0.10778205096721649,-0.10116338729858398,-0.09454472362995148,-0.08792605996131897,-0.08130739629268646,-0.07468873262405396,-0.06807006895542145,-0.06145140528678894,-0.05483274161815643,-0.048214077949523926,-0.04159541428089142,-0.03497675061225891,-0.028358086943626404,-0.021739423274993896,-0.01512075960636139,-0.008502110838890076,-0.0018834471702575684,0.004735216498374939,0.011353880167007446,0.017972543835639954,0.02459120750427246,0.031209871172904968,0.037828534841537476,0.04444719851016998,0.05106586217880249,0.057684525847435,0.0643031895160675,0.07092185318470001,0.07754051685333252,0.08415918052196503,0.09077784419059753,0.09739650785923004,0.10401517152786255,0.11063383519649506,0.11725249886512756,0.12387116253376007,0.13048982620239258,0.13710848987102509,0.1437271535396576,0.1503458172082901,0.1569644808769226,0.16358314454555511,0.17020180821418762,0.17682047188282013,0.18343913555145264,0.19005779922008514,0.19667646288871765,0.20329512655735016],"_type":"histogram"},"_timestamp":1.7686719180737643e+09,"_runtime":26,"gradients/lstm.bias_hh_l0":{"values":[1,0,0,0,0,0,0,0,0,0,0,0,0,0,0,0,0,0,0,0,0,0,0,1,0,0,0,0,1,0,0,0,2,1,2,3,4,8,17,41,62,36,5,3,2,1,2,0,1,1,0,0,0,0,0,3,0,0,0,1,1,0,0,1],"bins":[-0.710640549659729,-0.6928533315658569,-0.6750661134719849,-0.6572788953781128,-0.6394916772842407,-0.6217044591903687,-0.6039172410964966,-0.5861300230026245,-0.5683428049087524,-0.5505555868148804,-0.5327683687210083,-0.5149811506271362,-0.49719393253326416,-0.4794067144393921,-0.46161949634552,-0.44383227825164795,-0.4260450601577759,-0.4082578420639038,-0.39047062397003174,-0.37268340587615967,-0.3548961877822876,-0.3371089696884155,-0.31932175159454346,-0.3015345335006714,-0.2837473154067993,-0.26596009731292725,-0.24817287921905518,-0.2303856611251831,-0.21259844303131104,-0.19481122493743896,-0.1770240068435669,-0.15923678874969482,-0.14144951105117798,-0.12366229295730591,-0.10587507486343384,-0.08808785676956177,-0.0703006386756897,-0.05251342058181763,-0.03472620248794556,-0.016938984394073486,0.000848233699798584,0.018635451793670654,0.036422669887542725,0.054209887981414795,0.07199710607528687,0.08978432416915894,0.107571542263031,0.12535876035690308,0.14314597845077515,0.16093319654464722,0.1787204146385193,0.19650763273239136,0.21429485082626343,0.2320820689201355,0.24986928701400757,0.26765650510787964,0.2854437232017517,0.3032309412956238,0.32101815938949585,0.3388053774833679,0.35659259557724,0.37437981367111206,0.39216703176498413,0.4099542498588562,0.42774146795272827],"_type":"histogram"},"train_loss":0.48358312162144973}